DriverID;Forename;Surname;Date_of_birth;Driver_country
1;Lewis;Hamilton;1985-01-07;UK
2;Nick;Heidfeld;1977-05-10;Germany
3;Nico;Rosberg;1985-06-27;Germany
4;Fernando;Alonso;1981-07-29;Spain
5;Heikki;Kovalainen;1981-10-19;Finland
6;Kazuki;Nakajima;1985-01-11;Japan
7;Sebastien;Bourdais;1979-02-28;France
8;Kimi;Raikkonen;1979-10-17;Finland
9;Robert;Kubica;1984-12-07;Poland
10;Timo;Glock;1982-03-18;Germany
11;Takuma;Sato;1977-01-28;Japan
12;Nelson;Piquet Jr.;1985-07-25;Brazil
13;Felipe;Massa;1981-04-25;Brazil
14;David;Coulthard;1971-03-27;UK
15;Jarno;Trulli;1974-07-13;Italy
16;Adrian;Sutil;1983-01-11;Germany
17;Mark;Webber;1976-08-27;Australia
18;Jenson;Button;1980-01-19;UK
19;Anthony;Davidson;1979-04-18;UK
20;Sebastian;Vettel;1987-07-03;Germany
21;Giancarlo;Fisichella;1973-01-14;Italy
22;Rubens;Barrichello;1972-05-23;Brazil
23;Ralf;Schumacher;1975-06-30;Germany
24;Vitantonio;Liuzzi;1980-08-06;Italy
25;Alexander;Wurz;1974-02-15;Austria
26;Scott;Speed;1983-01-24;USA
27;Christijan;Albers;1979-04-16;Netherlands
28;Markus;Winkelhock;1980-06-13;Germany
29;Sakon;Yamamoto;1982-07-09;Japan
30;Michael;Schumacher;1969-01-03;Germany
31;Juan;Pablo Montoya;1975-09-20;Colombia
32;Christian;Klien;1983-02-07;Austria
33;Tiago;Monteiro;1976-07-24;Portugal
34;Yuji;Ide;1975-01-21;Japan
35;Jacques;Villeneuve;1971-04-09;Canada
36;Franck;Montagny;1978-01-05;France
37;Pedro;De La Rosa;1971-02-24;Spain
38;Robert;Doornbos;1981-09-23;Netherlands
39;Narain;Karthikeyan;1977-01-14;India
40;Patrick;Friesacher;1980-09-26;Austria
41;Ricardo;Zonta;1976-03-23;Brazil
42;Antonio;Pizzonia;1980-09-11;Brazil
43;Cristiano;Da Matta;1973-09-19;Brazil
44;Olivier;Panis;1966-09-02;France
45;Giorgio;Pantano;1979-02-04;Italy
46;Gianmaria;Bruni;1981-05-30;Italy
47;Zsolt;Baumgartner;1981-01-01;Hungary
48;Marc;Gene;1974-03-29;Spain
49;Heinz-Harald;Frentzen;1967-05-18;Germany
50;Jos;Verstappen;1972-03-04;Netherlands
51;Justin;Wilson;1978-07-31;UK
52;Ralph;Firman;1975-05-20;Ireland
53;Nicolas;Kiesa;1978-03-03;Denmark
54;Luciano;Burti;1975-03-05;Brazil
55;Jean;Alesi;1964-06-11;France
56;Eddie;Irvine;1965-11-10;UK
57;Mika;Hakkinen;1968-09-28;Finland
58;Tarso;Marques;1976-01-19;Brazil
59;Enrique;Bernoldi;1978-10-19;Brazil
60;Gaston;Mazzacane;1975-05-08;Argentina
61;Tomas;Enge;1976-09-11;Republic
62;Alex;Yoong;1976-07-20;Malaysia
63;Mika;Salo;1966-11-30;Finland
64;Pedro;Diniz;1970-05-22;Brazil
65;Johnny;Herbert;1964-06-25;UK
66;Allan;Mcnish;1969-12-29;UK
67;Sebastien;Buemi;1988-10-31;Switzerland
68;Toranosuke;Takagi;1974-02-12;Japan
69;Luca;Badoer;1971-01-25;Italy
70;Alessandro;Zanardi;1966-10-23;Italy
71;Damon;Hill;1960-09-17;UK
72;Stephane;Sarrazin;1975-11-02;France
73;Ricardo;Rosset;1968-07-27;Brazil
74;Esteban;Tuero;1978-04-22;Argentina
75;Shinji;Nakano;1971-04-01;Japan
76;Jan;Magnussen;1973-07-04;Denmark
77;Gerhard;Berger;1959-08-27;Austria
78;Nicola;Larini;1964-03-19;Italy
79;Ukyo;Katayama;1963-05-29;Japan
80;Vincenzo;Sospiri;1966-10-07;Italy
81;Gianni;Morbidelli;1968-01-13;Italy
82;Norberto;Fontana;1975-01-20;Argentina
83;Pedro;Lamy;1972-03-20;Portugal
84;Martin;Brundle;1959-06-01;UK
85;Andrea;Montermini;1964-05-30;Italy
86;Giovanni;Lavaggi;1958-02-18;Italy
87;Mark;Blundell;1966-04-08;UK
88;Aguri;Suzuki;1960-09-08;Japan
89;Taki;Inoue;1963-09-05;Japan
90;Roberto;Moreno;1959-02-11;Brazil
91;Karl;Wendlinger;1968-12-20;Austria
92;Bertrand;Gachot;1962-12-23;Belgium
93;Domenico;Schiattarella;1967-11-17;Italy
94;Pierluigi;Martini;1961-04-23;Italy
95;Nigel;Mansell;1953-08-08;UK
96;Jean-Christophe;Boullion;1969-12-27;France
97;Massimiliano;Papis;1969-10-03;Italy
98;Jean-Denis;Deletraz;1963-10-01;Switzerland
99;Gabriele;Tarquini;1962-03-02;Italy
100;Erik;Comas;1963-09-28;France
101;David;Brabham;1965-09-05;Australia
102;Ayrton;Senna;1960-03-21;Brazil
103;Eric;Bernard;1964-08-24;France
104;Christian;Fittipaldi;1971-01-18;Brazil
105;Michele;Alboreto;1956-12-23;Italy
106;Olivier;Beretta;1969-11-23;Monaco
107;Roland;Ratzenberger;1960-07-04;Austria
108;Paul;Belmondo;1963-04-23;France
109;Jyrki;Jarvilehto;1966-01-31;Finland
110;Andrea;De Cesaris;1959-05-31;Italy
111;Jean-Marc;Gounon;1963-01-01;France
112;Philippe;Alliot;1954-07-27;France
113;Philippe;Adams;1969-11-19;Belgium
114;Yannick;Dalmas;1961-07-28;France
115;Hideki;Noda;1969-03-07;Japan
116;Franck;Lagorce;1968-09-01;France
117;Alain;Prost;1955-02-24;France
118;Derek;Warwick;1954-08-27;UK
119;Riccardo;Patrese;1954-04-17;Italy
120;Fabrizio;Barbazza;1963-04-02;Italy
121;Michael;Andretti;1962-10-05;USA
122;Ivan;Capelli;1963-05-24;Italy
123;Thierry;Boutsen;1957-07-13;Belgium
124;Marco;Apicella;1965-10-07;Italy
125;Emanuele;Naspetti;1968-02-24;Italy
126;Toshio;Suzuki;1955-03-10;Japan
127;Mauricio;Gugelmin;1963-04-20;Brazil
128;Eric;Van De Poele;1961-09-30;Belgium
129;Olivier;Grouillard;1958-09-02;France
130;Andrea;Chiesa;1964-05-06;Switzerland
131;Stefano;Modena;1963-05-12;Italy
132;Giovanna;Amati;1959-07-20;Italy
133;Alex;Caffi;1964-03-18;Italy
134;Enrico;Bertaggia;1964-09-19;Italy
135;Perry;Mccarthy;1961-03-03;UK
136;Jan;Lammers;1956-06-02;Netherlands
137;Nelson;Piquet;1952-08-17;Brazil
138;Satoru;Nakajima;1953-02-23;Japan
139;Emanuele;Pirro;1962-01-12;Italy
140;Stefan;Johansson;1956-09-08;Sweden
141;Julian;Bailey;1961-10-09;UK
142;Pedro;Chaves;1965-02-27;Portugal
143;Michael;Bartels;1968-03-08;Germany
144;Naoki;Hattori;1966-06-13;Japan
145;Alessandro;Nannini;1959-07-07;Italy
146;Bernd;Schneider;1964-07-20;Germany
147;Paolo;Barilla;1961-04-20;Italy
148;Gregor;Foitek;1965-03-27;Switzerland
149;Claudio;Langes;1960-07-20;Italy
150;Gary;Brabham;1961-03-29;Australia
151;Martin;Donnelly;1964-03-26;UK
152;Bruno;Giacomelli;1952-09-10;Italy
153;Jaime;Alguersuari;1990-03-23;Spain
154;Romain;Grosjean;1986-04-17;France
155;Kamui;Kobayashi;1986-09-13;Japan
156;Jonathan;Palmer;1956-11-07;UK
157;Christian;Danner;1958-04-04;Germany
158;Eddie;Cheever;1958-01-10;USA
159;Luis;Perez-Sala;1959-05-15;Spain
160;Piercarlo;Ghinzani;1952-01-16;Italy
161;Volker;Weidler;1962-03-18;Germany
162;Pierre-Henri;Raphanel;1961-05-27;France
163;Rene;Arnoux;1948-07-04;France
164;Joachim;Winkelhock;1960-10-24;Germany
165;Oscar;Larrauri;1954-08-19;Argentina
166;Philippe;Streiff;1955-06-26;France
167;Adrian;Campos;1960-06-17;Spain
168;Jean-Louis;Schlesser;1948-09-12;France
169;Pascal;Fabre;1960-01-09;France
170;Teo;Fabi;1955-03-09;Italy
171;Franco;Forini;1958-09-22;Switzerland
172;Jacques;Laffite;1943-11-21;France
173;Elio;De Angelis;1958-03-26;Italy
174;Johnny;Dumfries;1958-04-26;UK
175;Patrick;Tambay;1949-06-25;France
176;Marc;Surer;1951-09-18;Switzerland
177;Keke;Rosberg;1948-12-06;Finland
178;Alan;Jones;1946-11-02;Australia
179;Huub;Rothengatter;1954-10-08;Netherlands
180;Allen;Berg;1961-08-01;Canada
181;Manfred;Winkelhock;1951-10-06;Germany
182;Niki;Lauda;1949-02-22;Austria
183;Francois;Hesnault;1956-12-30;France
184;Mauro;Baldi;1954-01-31;Italy
185;Stefan;Bellof;1957-11-20;Germany
186;Kenny;Acheson;1957-11-27;UK
187;John;Watson;1946-05-04;UK
188;Johnny;Cecotto;1956-01-25;Venezuela
189;Jo;Gartner;1954-01-24;Austria
190;Corrado;Fabi;1961-04-12;Italy
191;Mike;Thackwell;1961-03-30;New Zealand
192;Chico;Serra;1957-02-03;Brazil
193;Danny;Sullivan;1950-03-09;USA
194;Eliseo;Salazar;1954-11-14;Chile
195;Roberto;Guerrero;1958-11-16;Colombia
196;Raul;Boesel;1957-12-04;Brazil
197;Jean-Pierre;Jarier;1946-07-10;France
198;Jacques;Villeneuve Sr.;1953-11-04;Canada
199;Carlos;Reutemann;1942-04-12;Argentina
200;Jochen;Mass;1946-09-30;Germany
201;Slim;Borgudd;1946-11-25;Sweden
202;Didier;Pironi;1952-03-26;France
203;Gilles;Villeneuve;1950-01-18;Canada
204;Riccardo;Paletti;1958-06-15;Italy
205;Brian;Henton;1946-09-19;UK
206;Derek;Daly;1953-03-11;Ireland
207;Mario;Andretti;1940-02-28;USA
208;Emilio;De Villota;1946-07-26;Spain
209;Geoff;Lees;1951-05-01;UK
210;Tommy;Byrne;1958-05-06;Ireland
211;Rupert;Keegan;1955-02-26;UK
212;Hector;Rebaque;1956-02-05;Mexico
213;Beppe;Gabbiani;1957-01-02;Italy
214;Kevin;Cogan;1956-03-31;USA
215;Miguel Angel;Guerra;1953-08-31;Argentina
216;Siegfried;Stohr;1952-10-10;Italy
217;Ricardo;Zunino;1949-04-13;Argentina
218;Ricardo;Londono;1949-08-08;Colombia
219;Jean-Pierre;Jabouille;1942-10-01;France
220;Giorgio;Francia;1947-11-08;Italy
221;Patrick;Depailler;1944-08-09;France
222;Jody;Scheckter;1950-01-29;South Africa
223;Clay;Regazzoni;1939-09-05;Switzerland
224;Emerson;Fittipaldi;1946-12-12;Brazil
225;Dave;Kennedy;1953-01-15;Ireland
226;Stephen;South;1952-02-19;UK
227;Tiff;Needell;1951-10-29;UK
228;Desire;Wilson;1953-11-26;South Africa
229;Harald;Ertl;1948-08-31;Austria
230;Vittorio;Brambilla;1937-11-11;Italy
231;James;Hunt;1947-08-29;UK
232;Arturo;Merzario;1943-03-11;Italy
233;Hans-Joachim;Stuck;1951-01-01;Germany
234;Gianfranco;Brancatelli;1950-01-18;Italy
235;Jacky;Ickx;1945-01-01;Belgium
236;Patrick;Gaillard;1952-02-12;France
237;Alex;Ribeiro;1948-11-07;Brazil
238;Ronnie;Peterson;1944-02-14;Sweden
239;Brett;Lunger;1945-11-14;USA
240;Danny;Ongais;1942-05-21;USA
241;Lamberto;Leoni;1953-05-24;Italy
242;Divina;Galica;1944-08-13;UK
243;Rolf;Stommelen;1943-07-11;Germany
244;Alberto;Colombo;1946-02-23;Italy
245;Tony;Trimmer;1943-01-24;UK
246;Hans;Binder;1948-06-12;Austria
247;Michael;Bleekemolen;1949-10-02;Netherlands
248;Carlo;Franchi;1938-01-01;Italy
249;Bobby;Rahal;1953-01-10;USA
250;Carlos;Pace;1944-10-06;Brazil
251;Ian;Scheckter;1947-08-22;South Africa
252;Tom;Pryce;1949-06-11;UK
253;Ingo;Hoffmann;1953-02-28;Brazil
254;Renzo;Zorzi;1946-12-12;Italy
255;Gunnar;Nilsson;1948-11-20;Sweden
256;Larry;Perkins;1950-03-18;Australia
257;Boy;Lunger;1949-05-03;Netherlands
258;Patrick;Neve;1949-10-13;Belgium
259;David;Purley;1945-01-26;UK
260;Conny;Andersson;1939-12-28;Sweden
261;Bernard;De Dryver;1952-09-19;Belgium
262;Jackie;Oliver;1942-08-14;UK
263;Mikko;Kozarowitzky;1948-05-17;Finland
264;Andy;Sutcliffe;1947-05-09;UK
265;Guy;Edwards;1942-12-30;UK
266;Brian;Mcguire;1945-12-13;Australia
267;Vern;Schuppan;1943-03-19;Australia
268;Hans;Heyer;1943-03-16;Germany
269;Teddy;Pilette;1942-07-26;Belgium
270;Ian;Ashley;1947-10-26;UK
271;Loris;Kessel;1950-04-01;Switzerland
272;Kunimitsu;Takahashi;1940-01-29;Japan
273;Kazuyoshi;Hoshino;1947-07-01;Japan
274;Noritake;Takahara;1951-06-06;Japan
275;Lella;Lombardi;1941-03-26;Italy
276;Bob;Evans;1947-06-11;UK
277;Michel;Leclere;1946-03-18;France
278;Chris;Amon;1943-07-20;New Zealand
279;Emilio;Zapico;1944-05-27;Spain
280;Henri;Pescarolo;1942-09-25;France
281;Jac;Nelleman;1944-04-19;Denmark
282;Damien;Magee;1945-11-17;UK
283;Mike;Wilds;1946-01-07;UK
284;Alessandro;Pesenti-Rossi;1942-08-31;Italy
285;Otto;Stuppacher;1947-03-03;Austria
286;Warwick;Brown;1949-12-24;Australia
287;Masahiro;Hasemi;1945-11-13;Japan
288;Mark;Donohue;1937-03-18;USA
289;Graham;Hill;1929-02-15;UK
290;Wilson;Fittipaldi;1943-12-25;Brazil
291;Guy;Tunmer;1948-12-01;South Africa
292;Eddie;Keizan;1944-09-12;South Africa
293;Dave;Charlton;1936-10-27;South Africa
294;Tony;Brise;1952-03-28;UK
295;Roelof;Wunderink;1948-12-12;Netherlands
296;Francois;Migault;1944-12-04;France
297;Torsten;Palm;1947-07-23;Sweden
298;Gijs;Van Lennep;1942-03-16;Netherlands
299;Hiroshi;Fushida;1946-03-10;Japan
300;John;Nicholson;1941-10-06;New Zealand
301;Dave;Morgan;1944-08-07;UK
302;Jim;Crawford;1948-02-13;UK
303;Jo;Vonlanthen;1942-05-31;Switzerland
304;Denny;Hulme;1936-06-18;New Zealand
305;Mike;Hailwood;1940-04-02;UK
306;Jean-Pierre;Beltoise;1937-04-26;France
307;Howden;Ganley;1941-12-24;New Zealand
308;Richard;Robarts;1944-09-22;UK
309;Peter;Revson;1939-02-27;USA
310;Paddy;Driver;1934-05-13;South Africa
311;Tom;Belso;1942-08-27;Denmark
312;Brian;Redman;1937-03-09;UK
313;Rikky;Von Opel;1947-10-14;Liechtenstein
314;Tim;Schenken;1943-09-26;Australia
315;Gerard;Larrousse;1940-05-23;France
316;Leo;Kinnunen;1943-08-05;Finland
317;Reine;Wisell;1941-09-30;Sweden
318;Bertil;Roos;1943-10-12;Sweden
319;Jose;Dolhem;1944-04-26;France
320;Peter;Gethin;1940-02-21;UK
321;Derek;Bell;1941-10-31;UK
322;David;Hobbs;1939-06-09;UK
323;Dieter;Quester;1939-05-30;Austria
324;Helmuth;Koinigg;1948-11-03;Austria
325;Carlo;Facetti;1935-06-26;Italy
326;Eppie;Wietzes;1938-05-28;Canada
327;Francois;Cevert;1944-02-25;France
328;Jackie;Stewart;1939-06-11;UK
329;Mike;Beuttler;1940-04-13;UK
330;Nanni;Galli;1940-10-02;Italy
331;Luiz;Bueno;1937-01-16;Brazil
332;George;Follmer;1934-01-27;USA
333;Andrea;De Adamich;1941-10-03;Italy
334;Jackie;Pretorius;1934-11-22;South Africa
335;Roger;Williamson;1948-02-02;UK
336;Graham;Mcrae;1940-03-05;New Zealand
337;Helmut;Marko;1943-04-27;Austria
338;David;Walker;1941-06-10;Australia
339;Alex;Soler-Roig;1932-10-29;Spain
340;John;Love;1924-12-07;Rhodesia
341;John;Surtees;1934-02-11;UK
342;Skip;Barber;1936-11-16;USA
343;Bill;Brack;1935-12-26;Canada
344;Sam;Posey;1944-05-26;USA
345;Pedro;Rodriguez;1940-01-18;Mexico
346;Jo;Siffert;1936-07-07;Switzerland
347;Jo;Bonnier;1930-01-31;Sweden
348;Francois;Mazet;1943-02-24;France
349;Max;Jean;1943-07-27;France
350;Vic;Elford;1935-06-10;UK
351;Silvio;Moser;1941-04-24;Switzerland
352;George;Eaton;1945-11-12;Canada
353;Pete;Lovely;1926-04-11;USA
354;Chris;Craft;1939-11-17;UK
355;John;Cannon;1933-06-21;Canada
356;Jack;Brabham;1926-04-02;Australia
357;John;Miles;1943-06-14;UK
358;Jochen;Rindt;1942-04-18;Austria
359;Johnny;Servoz-Gavin;1942-01-18;France
360;Bruce;Mclaren;1937-08-30;New Zealand
361;Piers;Courage;1942-05-27;UK
362;Peter;De Klerk;1935-03-16;South Africa
363;Ignazio;Giunti;1941-08-30;Italy
364;Dan;Gurney;1931-04-13;USA
365;Hubert;Hahne;1935-03-28;Germany
366;Gus;Hutchison;1937-04-26;USA
367;Peter;Westbury;1938-05-26;UK
368;Sam;Tingle;1921-08-24;Rhodesia
369;Basil;Van Rooyen;1939-04-19;South Africa
370;Richard;Attwood;1940-04-04;UK
371;Al;Pease;1921-10-15;Canada
372;John;Cordts;1935-07-23;Canada
373;Jim;Clark;1936-03-04;UK
374;Mike;Spence;1936-12-30;UK
375;Ludovico;Scarfiotti;1933-10-18;Italy
376;Lucien;Bianchi;1934-11-10;Belgium
377;Jo;Schlesser;1928-05-18;France
378;Robin;Widdows;1942-05-27;UK
379;Kurt;Ahrens;1940-04-19;Germany
380;Frank;Gardner;1930-10-01;Australia
381;Bobby;Unser;1934-02-20;USA
382;Moises;Solana;1935-12-26;Mexico
383;Bob;Anderson;1931-05-19;UK
384;Luki;Botha;1930-01-16;South Africa
385;Lorenzo;Bandini;1935-12-21;Italy
386;Richie;Ginther;1930-08-05;USA
387;Mike;Parkes;1931-09-24;UK
388;Chris;Irwin;1942-06-27;UK
389;Guy;Ligier;1930-07-12;France
390;Alan;Rees;1938-01-12;UK
391;Brian;Hart;1936-09-07;UK
392;Mike;Fisher;1943-03-13;USA
393;Tom;Jones;1943-04-26;USA
394;Giancarlo;Baghetti;1934-12-25;Italy
395;Jonathan;Williams;1942-10-26;UK
396;Bob;Bondurant;1933-04-27;USA
397;Peter;Arundell;1933-11-08;UK
398;Vic;Wilson;1931-04-14;UK
399;John;Taylor;1933-03-23;UK
400;Chris;Lawrence;1933-07-27;UK
401;Trevor;Taylor;1936-12-26;UK
402;Giacomo;Russo;1937-10-23;Italy
403;Phil;Hill;1927-04-20;USA
404;Innes;Ireland;1930-06-12;UK
405;Ronnie;Bucknum;1936-04-05;USA
406;Paul;Hawkins;1937-10-12;Australia
407;David;Prophet;1937-10-09;UK
408;Tony;Maggs;1937-02-09;South Africa
409;Trevor;Blokdyk;1935-11-30;South Africa
410;Neville;Lederle;1938-09-25;South Africa
411;Doug;Serrurier;1920-12-09;South Africa
412;Brausch;Niemann;1939-01-07;South Africa
413;Ernie;Pieterse;1938-07-04;South Africa
414;Clive;Puzey;1941-07-11;Rhodesia
415;Ray;Reed;1932-04-30;South Africa
416;David;Clapham;1931-05-18;South Africa
417;Alex;Blignaut;1932-11-30;South Africa
418;Masten;Gregory;1932-02-29;USA
419;John;Rhodes;1927-08-18;UK
420;Ian;Raby;1921-09-22;UK
421;Alan;Rollinson;1943-05-15;UK
422;Brian;Gubby;1934-04-17;UK
423;Gerhard;Mitter;1935-08-30;Germany
424;Roberto;Bussinello;1927-10-04;Italy
425;Nino;Vaccarella;1933-03-04;Italy
426;Giorgio;Bassi;1934-01-20;Italy
427;Maurice;Trintignant;1917-10-30;France
428;Bernard;Collomb;1930-10-07;France
429;Andre;Pilette;1918-10-06;Belgium
430;Carel Godin;De Beaufort;1934-04-10;Netherlands
431;Edgar;Barth;1917-01-26;Germany
432;Mario De Araujo;Cabral;1934-01-15;Portugal
433;Walt;Hansgen;1919-10-28;USA
434;Hap;Sharp;1928-01-01;USA
435;Willy;Mairesse;1928-10-01;Belgium
436;John;Campbell-Jones;1930-01-21;UK
437;Ian;Burgess;1930-07-06;UK
438;Tony;Settember;1926-07-10;USA
439;Nasif;Estefano;1932-11-18;Argentina
440;Jim;Hall;1935-07-23;USA
441;Tim;Parnell;1932-06-25;UK
442;Kurt;Kuhnke;1910-04-30;Germany
443;Ernesto;Brambilla;1934-01-31;Italy
444;Roberto;Lippi;1926-10-17;Italy
445;Gunther;Seiffert;1937-10-18;Germany
446;Carlo;Abate;1932-07-10;Italy
447;Gaetano;Starrabba;1932-12-03;Italy
448;Peter;Broeker;1926-05-15;Canada
449;Rodger;Ward;1921-01-10;USA
450;Ernie;De Vos;1941-07-01;Netherlands
451;Frank;Dochnal;1920-10-08;USA
452;Thomas;Monarch;1945-09-03;USA
842;Pierre;Gasly;1996-02-07;France
453;Jackie;Lewis;1936-11-01;UK
454;Ricardo;Rodriguez;1942-02-14;Mexico
455;Wolfgang;Seidel;1926-07-04;Germany
456;Roy;Salvadori;1922-05-12;UK
457;Ben;Pon;1936-12-09;Netherlands
458;Rob;Slotemaker;1929-06-13;Netherlands
459;Tony;Marsh;1931-07-20;UK
460;Gerry;Ashmore;1936-07-25;UK
461;Heinz;Schiller;1930-01-25;Switzerland
462;Colin;Davis;1933-07-29;UK
463;Jay;Chamberlain;1925-12-29;USA
464;Tony;Shelly;1937-02-02;New Zealand
465;Keith;Greene;1938-01-05;UK
466;Heini;Walter;1927-07-28;Switzerland
467;Ernesto;Prinoth;1923-04-15;Italy
468;Roger;Penske;1937-02-20;USA
469;Rob;Schroeder;1926-05-11;UK
470;Timmy;Mayer;1938-02-22;USA
471;Bruce;Johnstone;1937-01-30;South Africa
472;Mike;Harris;1939-05-25;South Africa
473;Gary;Hocking;1937-09-30;Rhodesia
474;Syd;Van Der Vyver;1920-06-01;South Africa
475;Stirling;Moss;1929-09-17;UK
476;Wolfgang;Von Trips;1928-05-04;Germany
477;Cliff;Allison;1932-02-08;UK
478;Hans;Herrmann;1928-02-23;Germany
479;Tony;Brooks;1932-02-25;UK
480;Michael;May;1934-08-18;Switzerland
481;Henry;Taylor;1932-12-16;UK
482;Olivier;Gendebien;1924-01-12;Belgium
483;Giorgio;Scarlatti;1921-10-02;Italy
484;Brian;Naylor;1923-03-24;UK
485;Juan Manuel;Bordeu;1934-01-28;Argentina
486;Jack;Fairman;1913-03-15;UK
487;Massimo;Natili;1935-07-28;Italy
488;Peter;Monteverdi;1934-06-07;Switzerland
489;Renato;Pirocchi;1933-03-26;Italy
490;Geoff;Duke;1923-03-29;UK
491;Alfonso;Thiele;1920-04-05;Italy
492;Menato;Boffa;1930-01-04;Italy
493;Peter;Ryan;1940-06-10;Canada
494;Lloyd;Ruby;1928-01-12;USA
495;Ken;Miles;1918-11-01;UK
496;Carlos;Menditeguy;1914-08-10;Argentina
497;Alberto Rodriguez;Larreta;1934-01-14;Argentina
498;Jose Froilan;Gonzalez;1922-10-05;Argentina
499;Roberto;Bonomi;1919-09-30;Argentina
500;Gino;Munaron;1928-04-02;Italy
501;Harry;Schell;1921-06-29;USA
502;Alan;Stacey;1933-08-29;UK
503;Ettore;Chimeri;1921-06-04;Venezuela
504;Antonio;Creus;1924-10-28;Spain
505;Chris;Bristow;1937-12-02;UK
506;Bruce;Halford;1931-05-18;UK
507;Chuck;Daigh;1923-11-29;USA
508;Lance;Reventlow;1936-02-24;USA
509;Jim;Rathmann;1928-07-16;USA
510;Paul;Goldsmith;1925-10-02;USA
511;Don;Branson;1920-06-02;USA
512;Johnny;Thomson;1922-04-09;USA
513;Eddie;Johnson;1919-02-10;USA
514;Bob;Veith;1926-11-01;USA
515;Bud;Tingelstad;1928-04-04;USA
516;Bob;Christie;1924-04-04;USA
517;Red;Amick;1929-01-19;USA
518;Duane;Carter;1913-05-05;USA
519;Bill;Homeier;1918-08-31;USA
520;Gene;Hartley;1926-01-28;USA
521;Chuck;Stevenson;1919-10-15;USA
522;Bobby;Grim;1924-09-04;USA
523;Shorty;Templeman;1919-08-12;USA
524;Jim;Hurtubise;1932-12-05;USA
525;Jimmy;Bryan;1926-01-28;USA
526;Troy;Ruttman;1930-03-11;USA
527;Eddie;Sachs;1927-05-28;USA
528;Don;Freeland;1925-03-25;USA
529;Tony;Bettenhausen;1916-09-12;USA
530;Wayne;Weiler;1934-12-09;USA
531;Anthony;Foyt;1935-01-16;USA
532;Eddie;Russo;1925-11-19;USA
533;Johnny;Boyd;1926-08-19;USA
534;Gene;Force;1916-06-15;USA
535;Jim;Mcwithey;1927-07-04;USA
536;Len;Sutton;1925-08-09;USA
537;Dick;Rathmann;1924-01-06;USA
538;Al;Herman;1927-03-15;USA
539;Dempsey;Wilson;1927-03-11;USA
540;Mike;Taylor;1934-04-24;UK
541;Ron;Flockhart;1923-06-16;UK
542;David;Piper;1930-12-02;UK
543;Giulio;Cabianca;1923-02-19;Italy
544;Piero;Drogo;1926-08-08;Italy
545;Fred;Gamble;1932-03-17;USA
546;Arthur;Owen;1915-03-23;UK
547;Horace;Gould;1918-09-20;UK
548;Bob;Drake;1919-12-14;USA
549;Ivor;Bueb;1923-06-06;UK
550;Alain;De Changy;1922-02-05;Belgium
551;Maria;De Filippis;1926-11-11;Italy
552;Jean;Lucienbonnet;1923-01-07;France
553;Andre;Testut;1926-04-13;Monaco
554;Jean;Behra;1921-02-16;France
555;Paul;Russo;1914-04-10;USA
556;Jimmy;Daywalt;1924-08-28;USA
557;Chuck;Arnold;1926-05-30;USA
558;Al;Keller;1920-04-11;USA
559;Pat;Flaherty;1926-01-06;USA
560;Bill;Cheesbourg;1927-06-12;USA
561;Ray;Crawford;1915-10-26;USA
562;Jack;Turner;1920-02-12;USA
563;Chuck;Weyant;1923-04-03;USA
564;Jud;Larson;1923-01-21;USA
565;Mike;Magill;1920-02-08;USA
566;Carroll;Shelby;1923-01-11;USA
567;Fritz;D'Orey;1938-03-25;Brazil
568;Azdrubal;Fontes;1922-12-26;Uruguay
569;Peter;Ashdown;1934-10-16;UK
570;Bill;Moss;1933-09-04;UK
571;Dennis;Taylor;1921-06-12;UK
572;Harry;Blanchard;1929-06-13;USA
573;Alessandro;De Tomaso;1928-07-10;Argentina
574;George;Constantine;1918-02-22;USA
575;Bob;Said;1932-05-05;USA
576;Phil;Cade;1916-06-12;USA
577;Luigi;Musso;1924-07-28;Italy
578;Mike;Hawthorn;1929-04-10;UK
579;Juan;Fangio;1911-06-24;Argentina
580;Paco;Godia;1921-03-21;Spain
581;Peter;Collins;1931-11-06;UK
582;Ken;Kavanagh;1923-12-12;Australia
583;Gerino;Gerini;1928-08-10;Italy
584;Bruce;Kessler;1936-03-23;USA
585;Paul;Emery;1916-11-12;UK
586;Luigi;Piotti;1913-10-27;Italy
587;Bernie;Ecclestone;1930-10-28;UK
588;Luigi;Taramazzo;1932-05-05;Italy
589;Louis;Chiron;1899-08-03;Monaco
590;Stuart;Lewis-Evans;1930-04-20;UK
591;George;Amick;1924-10-24;USA
592;Jimmy;Reece;1929-11-17;USA
593;Johnnie;Parsons;1918-07-04;USA
594;Johnnie;Tolan;1917-10-22;USA
595;Billy;Garrett;1933-04-24;USA
596;Ed;Elisian;1926-12-09;USA
597;Pat;O'Connor;1928-10-09;USA
598;Jerry;Unser;1932-11-15;USA
599;Art;Bisch;1926-11-10;USA
600;Christian;Goethals;1928-08-04;Belgium
601;Dick;Gibson;1918-04-16;UK
602;Robert;La Caze;1917-02-26;France
603;Andre;Guelfi;1919-05-06;France
604;Francois;Picard;1921-04-26;France
605;Tom;Bridger;1934-06-24;UK
606;Alfonso;De Portago;1928-10-11;Spain
607;Cesare;Perdisa;1932-10-21;Italy
608;Eugenio;Castellotti;1930-10-10;Italy
609;Andre;Simon;1920-01-05;France
610;Les;Leston;1920-12-16;UK
611;Sam;Hanks;1914-07-13;USA
612;Andy;Linden;1922-04-05;USA
613;Marshall;Teague;1921-02-22;USA
614;Don;Edmunds;1930-09-23;USA
615;Fred;Agabashian;1913-08-21;USA
616;Elmer;George;1928-07-15;USA
617;Mike;Macdowel;1932-09-13;UK
618;Herbert;Mackay-Fraser;1927-06-23;USA
619;Bob;Gerard;1914-01-19;UK
620;Umberto;Maglioli;1928-06-05;Italy
621;Paul;England;1929-03-28;Australia
622;Chico;Landi;1907-07-14;Brazil
623;Alberto;Uria;1924-07-11;Uruguay
624;Hernando;Da Silva Ramos;1925-12-07;Brazil
625;Elie;Bayol;1914-02-28;France
626;Robert;Manzon;1917-04-12;France
627;Louis;Rosier;1905-11-05;France
628;Bob;Sweikert;1926-05-20;USA
629;Cliff;Griffith;1916-02-06;USA
630;Duke;Dinsmore;1913-04-10;USA
631;Keith;Andrews;1920-06-15;USA
632;Paul;Frere;1917-01-30;Belgium
633;Luigi;Villoresi;1909-05-16;Italy
634;Piero;Scotti;1909-11-11;Italy
635;Colin;Chapman;1928-05-19;UK
636;Desmond;Titterington;1928-05-01;UK
637;Archie;Scott Brown;1927-05-13;UK
638;Ottorino;Volonterio;1917-12-07;Switzerland
639;Andre;Milhoux;1928-12-09;Belgium
640;Toulo;De Graffenried;1914-05-18;Switzerland
641;Piero;Taruffi;1906-10-12;Italy
642;Nino;Farina;1906-10-30;Italy
643;Roberto;Mieres;1924-12-03;Argentina
644;Sergio;Mantovani;1929-05-22;Italy
645;Clemar;Bucci;1920-09-04;Argentina
646;Jesus;Iglesias;1922-02-22;Argentina
647;Alberto;Ascari;1918-07-13;Italy
648;Karl;Kling;1910-09-16;Germany
649;Pablo;Birger;1924-01-07;Argentina
650;Jacques;Pollet;1922-07-02;France
651;Lance;Macklin;1919-09-02;UK
652;Ted;Whiteaway;1928-11-01;UK
653;Jimmy;Davies;1929-08-08;USA
654;Walt;Faulkner;1920-02-16;USA
655;Cal;Niday;1914-04-29;USA
656;Art;Cross;1918-01-24;USA
657;Bill;Vukovich;1918-12-13;USA
658;Jack;Mcgrath;1919-10-08;USA
659;Jerry;Hoyt;1929-01-29;USA
660;Johnny;Claes;1916-08-11;Belgium
661;Peter;Walker;1912-10-07;UK
662;Mike;Sparken;1930-06-16;France
663;Ken;Wharton;1916-03-21;UK
664;Kenneth;Mcalpine;1920-09-21;UK
665;Leslie;Marr;1922-08-14;UK
666;Tony;Rolt;1918-10-16;UK
667;John;Fitch;1917-08-04;USA
668;Jean;Lucas;1917-04-25;France
669;Prince;Bira;1914-07-15;Thailand
670;Onofre;Marimon;1923-12-19;Argentina
671;Roger;Loyer;1907-08-05;France
672;Jorge;Daponte;1923-06-05;Argentina
673;Mike;Nazaruk;1921-10-02;USA
674;Larry;Crockett;1926-10-23;USA
675;Manny;Ayulo;1921-10-20;USA
676;Frank;Armi;1918-10-12;USA
677;Travis;Webb;1910-10-08;USA
678;Len;Duncan;1911-07-25;USA
679;Ernie;Mccoy;1921-02-19;USA
680;Jacques;Swaters;1926-10-30;USA
681;Georges;Berger;1918-09-14;Belgium
682;Don;Beauman;1928-07-26;UK
683;Leslie;Thorne;1916-06-23;UK
684;Bill;Whitehouse;1909-04-01;UK
685;John;Riseley-Prichard;1924-01-17;UK
686;Reg;Parnell;1911-07-02;UK
687;Peter;Whitehead;1914-11-12;UK
688;Eric;Brandon;1920-07-18;UK
689;Alan;Brown;1919-11-20;UK
690;Rodney;Nuckey;1929-06-26;UK
691;Hermann;Lang;1909-04-06;Germany
692;Theo;Helfrich;1913-05-13;Germany
693;Fred;Wacker;1918-07-10;USA
694;Giovanni;De Riu;1925-03-10;Italy
695;Oscar;Galvez;1913-08-17;Argentina
696;John;Barber;1929-07-22;UK
697;Felice;Bonetto;1903-06-09;Italy
698;Adolfo;Cruz;1923-06-28;Argentina
699;Duke;Nalon;1913-03-02;USA
700;Carl;Scarborough;1914-07-03;USA
701;Bill;Holland;1907-12-18;USA
702;Bob;Scott;1928-10-04;USA
703;Arthur;Legat;1898-11-01;Belgium
704;Yves;Cabantous;1904-10-08;France
705;Tony;Crook;1920-02-16;UK
706;Jimmy;Stewart;1931-03-06;UK
707;Ian;Stewart;1929-07-15;UK
708;Duncan;Hamilton;1920-04-30;UK
709;Ernst;Klodwig;1903-05-23;Germany
710;Rudolf;Krause;1907-03-30;Germany
711;Oswald;Karch;1917-03-06;Germany
712;Willi;Heeks;1922-02-13;Germany
713;Theo;Fitzau;1923-02-10;Germany
714;Kurt;Adolff;1921-11-05;Germany
715;Gunther;Bechem;1921-12-21;Germany
716;Erwin;Bauer;1912-07-17;Germany
717;Hans;Von Stuck;1900-12-27;Germany
718;Ernst;Loof;1907-07-04;Germany
719;Albert;Scherrer;1908-02-28;Switzerland
720;Max;De Terra;1918-10-06;Switzerland
721;Peter;Hirt;1910-03-30;Switzerland
722;Piero;Carini;1921-03-06;Italy
723;Rudi;Fischer;1912-04-19;Switzerland
724;Toni;Ulmen;1906-01-25;Germany
725;George;Abecassis;1913-03-21;UK
726;George;Connor;1906-08-16;USA
727;Jim;Rigsby;1923-06-06;USA
728;Joe;James;1925-05-23;USA
729;Bill;Schindler;1909-03-06;USA
730;George;Fonder;1917-06-22;USA
731;Henry;Banks;1913-06-14;USA
732;Johnny;Mcdowell;1915-01-29;USA
733;Chet;Miller;1902-07-19;USA
734;Bobby;Ball;1925-08-26;USA
735;Charles;De Tornaco;1927-06-07;Belgium
736;Roger;Laurent;1913-02-21;Belgium
737;Robert;O'Brien;1908-04-11;USA
738;Tony;Gaze;1920-02-03;Australia
739;Robin;Montgomerie-Charrington;1915-06-23;UK
740;Franco;Comotti;1906-07-24;Italy
741;Philippe;Etancelin;1896-12-28;France
742;Dennis;Poore;1916-08-19;UK
743;Eric;Thompson;1919-11-04;UK
744;Ken;Downing;1917-12-05;UK
745;Graham;Whitehead;1922-04-15;UK
746;Gino;Bianco;1916-07-22;Brazil
747;David;Murray;1909-12-28;UK
748;Eitel;Cantoni;1906-10-04;Uruguay
749;Bill;Aston;1900-03-29;UK
750;Adolf;Brudes;1899-10-15;Germany
751;Fritz;Riess;1922-07-11;Germany
752;Helmut;Niedermayr;1915-11-29;Germany
753;Hans;Klenk;1919-10-28;Germany
754;Marcel;Balsa;1909-01-01;France
755;Rudolf;Schoeller;1902-04-27;Switzerland
756;Paul;Pietsch;1911-06-20;Germany
757;Josef;Peters;1914-09-16;Germany
758;Dries;Van Der Lof;1919-08-23;Netherlands
759;Jan;Flinterman;1919-10-02;Netherlands
760;Piero;Dusio;1899-10-13;Italy
761;Alberto;Crespo;1920-01-16;Argentina
762;Franco;Rol;1908-06-05;Italy
763;Consalvo;Sanesi;1911-03-28;Italy
764;Guy;Mairesse;1910-08-10;France
765;Henri;Louveau;1910-01-25;France
766;Lee;Wallard;1910-09-07;USA
767;Carl;Forberg;1911-03-04;USA
768;Mauri;Rose;1906-05-26;USA
769;Bill;Mackey;1927-12-15;USA
770;Cecil;Green;1919-09-30;USA
771;Walt;Brown;1911-12-30;USA
772;Mack;Hellings;1915-09-14;USA
773;Pierre;Levegh;1905-12-22;France
774;Eugene;Chaboud;1907-04-12;France
775;Aldo;Gordini;1921-05-20;France
776;Joe;Kelly;1913-03-13;Ireland
777;Philip;Fotheringham-Parker;1907-09-22;UK
778;Brian;Shawe Taylor;1915-01-28;UK
779;John;James;1914-05-10;UK
780;Toni;Branca;1916-09-15;Switzerland
781;Ken;Richardson;1911-08-21;UK
782;Juan;Jover;1903-11-23;Spain
783;Georges;Grignard;1905-07-25;France
784;David;Hampshire;1917-12-29;UK
785;Geoff;Crossley;1921-05-11;UK
786;Luigi;Fagioli;1898-06-09;Italy
787;Cuth;Harrison;1906-07-06;UK
788;Joe;Fry;1915-10-26;UK
789;Eugene;Martin;1915-03-24;France
790;Leslie;Johnson;1912-03-22;UK
791;Clemente;Biondetti;1898-08-18;Italy
792;Alfredo;Pian;1912-10-21;Argentina
793;Raymond;Sommer;1906-08-31;France
794;Joie;Chitwood;1912-04-14;USA
795;Myron;Fohr;1912-06-17;USA
796;Walt;Ader;1913-12-15;USA
797;Jackie;Holmes;1920-09-04;USA
798;Bayliss;Levrett;1914-02-14;USA
799;Jimmy;Jackson;1910-07-25;USA
800;Nello;Pagani;1911-10-11;Italy
801;Charles;Pozzi;1909-08-27;France
802;Dorino;Serafini;1909-07-22;Italy
803;Bill;Cantrell;1908-01-31;USA
804;Johnny;Mantz;1918-09-18;USA
805;Danny;Kladis;1917-02-10;USA
806;Oscar;Gonzalez;1923-11-10;Uruguay
807;Nico;Hulkenberg;1987-08-19;Germany
808;Vitaly;Petrov;1984-09-08;Russia
810;Lucas;Di Grassi;1984-08-11;Brazil
811;Bruno;Senna;1983-10-15;Brazil
812;Karun;Chandhok;1984-01-19;India
813;Pastor;Maldonado;1985-03-09;Venezuela
814;Paul;Di Resta;1986-04-16;UK
815;Sergio;Perez;1990-01-26;Mexico
816;Jerome;D'Ambrosio;1985-12-27;Belgium
817;Daniel;Ricciardo;1989-07-01;Australia
818;Jean-Eric;Vergne;1990-04-25;France
819;Charles;Pic;1990-02-15;France
820;Max;Chilton;1991-04-21;UK
821;Esteban;Gutierrez;1991-08-05;Mexico
822;Valtteri;Bottas;1989-08-28;Finland
823;Giedo;Van Der Garde;1985-04-25;Netherlands
824;Jules;Bianchi;1989-08-03;France
825;Kevin;Magnussen;1992-10-05;Denmark
826;Daniil;Kvyat;1994-04-26;Russia
827;Andre;Lotterer;1981-11-19;Germany
828;Marcus;Ericsson;1990-09-02;Sweden
829;Will;Stevens;1991-06-28;UK
830;Max;Verstappen;1997-09-30;Netherlands
831;Felipe;Nasr;1992-08-21;Brazil
832;Carlos;Sainz;1994-09-01;Spain
833;Roberto;Merhi;1991-03-22;Spain
834;Alexander;Rossi;1991-09-25;USA
835;Jolyon;Palmer;1991-01-20;UK
836;Pascal;Wehrlein;1994-10-18;Germany
837;Rio;Haryanto;1993-01-22;Indonesia
838;Stoffel;Vandoorne;1992-03-26;Belgium
839;Esteban;Ocon;1996-09-17;France
840;Lance;Stroll;1998-10-29;Canada
841;Antonio;Giovinazzi;1993-12-14;Italy
843;Brendon;Hartley;1989-11-10;New Zealand
844;Charles;Leclerc;1997-10-16;Monaco
845;Sergey;Sirotkin;1995-08-27;Russia
846;Lando;Norris;1999-11-13;UK
847;George;Russell;1998-02-15;UK
848;Alexander;Albon;1996-03-23;Thailand
849;Nicholas;Latifi;1995-06-29;Canada
850;Pietro;Fittipaldi;1996-06-25;Brazil
851;Jack;Aitken;1995-09-23;UK
852;Yuki;Tsunoda;2000-05-11;Japan
853;Nikita;Mazepin;1999-03-02;Russia
854;Mick;Schumacher;1999-03-22;Germany
855;Guanyu;Zhou;1999-05-30;China
856;Nyck;De Vries;1995-02-06;Netherlands
857;Oscar;Piastri;2001-04-06;Australia
858;Logan;Sargeant;2000-12-31;USA
859;Liam;Lawson;2002-02-11;New Zealand
860;Oliver;Bearman;2005-05-08;UK